<configuration>
    <include resource="/org/springframework/boot/logging/logback/base.xml"/>
    <appender name="STDOUT" class="ch.qos.logback.core.ConsoleAppender">
        <encoder>
            <pattern>%d{HH:mm:ss.SSS} [%thread] %-5level %logger{36} - %msg%n
            </pattern>
        </encoder>
    </appender>
    <root level="info">
        <appender-ref ref="STDOUT"/>
    </root>
    <logger name="com.azure.spring.data.cosmos.core.CosmosTemplate" level="error"/>
    <logger name="org.springframework" level="error"/>
    <logger name="io.netty" level="error"/>
</configuration>